# ======================
# People Redirects
# ======================

# Faculty Redirects
## Core Faculty
/profile/patricia-alves-oliveira /people/faculty/patricia-alves-oliveira 301
/profile/cameron-aubin /people/faculty/cameron-aubin 301
/profile/kira-barton /people/faculty/kira-barton 301
/profile/dmitry-berenson /people/faculty/dmitry-berenson 301
/profile/bernadette-bucher /people/faculty/bernadette-bucher 301
/profile/jamie-budd /people/faculty/jamie-budd 301
/profile/steven-ceron /people/faculty/steven-ceron 301
/profile/cynthia-chestek /people/faculty/cynthia-chestek 301
/profile/jason-corso /people/faculty/jason-corso 301
/profile/yanran-ding /people/faculty/yanran-ding 301
/profile/mark-draelos /people/faculty/mark-draelos 301
/profile/xiaoxiao-du /people/faculty/xiaoxiao-du 301
/profile/nima-fazeli /people/faculty/nima-fazeli 301
/profile/greg-formosa /people/faculty/greg-formosa 301
/profile/peter-gaskell /people/faculty/peter-gaskell 301
/profile/deanna-gates /people/faculty/deanna-gates 301
/profile/maani-ghaffari /people/faculty/maani-ghaffari 301
/profile/brent-gillespie /people/faculty/brent-gillespie 301
/profile/anouck-girard /people/faculty/anouck-girard 301
/profile/robert-gregg /people/faculty/robert-gregg 301
/profile/jessy-grizzle /people/faculty/jessy-grizzle 301
/profile/xiaonan-sean-huang /people/faculty/xiaonan-sean-huang 301
/profile/chad-jenkins /people/faculty/chad-jenkins 301
/profile/christoforos-mavrogiannis /people/faculty/christoforos-mavrogiannis 301
/profile/talia-moore /people/faculty/talia-moore 301
/profile/necmiye-ozay /people/faculty/necmiye-ozay 301
/profile/dimitra-panagou /people/faculty/dimitra-panagou 301
/profile/lionel-robert /people/faculty/lionel-robert 301
/profile/elliott-rouse /people/faculty/elliott-rouse 301
/profile/katherine-skinner /people/faculty/katie-skinner 301
/profile/leia-stirling /people/faculty/leia-stirling 301
/profile/yulun-tian /people/faculty/yulun-tian 301
/profile/dawn-tilbury /people/faculty/dawn-tilbury 301
/profile/ram-vasudevan /people/faculty/ram-vasudevan 301
/profile/xi-jessie-yang /people/faculty/xi-jessie-yang 301
/profile/derrick-yeo /people/faculty/derrick-yeo 301

## Affiliate Faculty
/profile/shorya-awtar /people/faculty/affiliate 301
/profile/shan-bao /people/faculty/affiliate 301
/profile/brian-umberger /people/faculty/affiliate 301
/profile/sophia-brueckner /people/faculty/affiliate 301
/profile/joyce-chai /people/faculty/affiliate 301
/profile/james-cutler /people/faculty/affiliate 301
/profile/bogdan-epureanu /people/faculty/affiliate 301
/profile/tulga-ersal /people/faculty/affiliate 301
/profile/ryan-eustice /people/faculty/affiliate 301
/profile/brent-griffin /people/faculty/affiliate 301
/profile/jean-baptiste-jeannin /people/faculty/affiliate 301
/profile/judy-jin /people/faculty/affiliate 301
/profile/vineet-kamat /people/faculty/affiliate 301
/profile/chandramouli-krishnan /people/faculty/affiliate 301
/profile/stephane-lafortune /people/faculty/affiliate 301
/profile/honglak-lee /people/faculty/affiliate 301
/profile/sanghyun-lee /people/faculty/affiliate 301
/profile/wes-mcgee /people/faculty/affiliate 301
/profile/carol-menassa /people/faculty/affiliate 301
/profile/rada-mihalcea /people/faculty/affiliate 301
/profile/mark-moldwin /people/faculty/affiliate 301
/profile/emily-mower-provost /people/faculty/affiliate 301
/profile/lauro-ojeda /people/faculty/affiliate 301
/profile/chinedum-okwudire /people/faculty/affiliate 301
/profile/kenn-oldham /people/faculty/affiliate 301
/profile/edwin-olson /people/faculty/affiliate 301
/profile/gabor-orosz /people/faculty/affiliate 301
/profile/andrew-owens /people/faculty/affiliate 301
/profile/abdon-pena-francesch /people/faculty/affiliate 301
/profile/matthew-reed /people/faculty/affiliate 301
/profile/shai-revzen /people/faculty/affiliate 301
/profile/peter-seiler /people/faculty/affiliate 301
/profile/santinder-singh-baveja /people/faculty/affiliate 301
/profile/vasileios-tzoumas /people/faculty/affiliate 301
/profile/james-weiland /people/faculty/affiliate 301
/profile/stella-yu /people/faculty/affiliate 301
/profile/y-z /people/faculty/affiliate 301
/profile/zhengya-zhang /people/faculty/affiliate 301
/people/affiliate-faculty /people/faculty/affiliate 301

## Emeritus Faculty
/profile/n-harris-mcclamroch /people/faculty/emeritus/n-harris-mcclamroch 301
/profile/benjamin-kuipers /people/faculty/emeritus/benjamin-kuipers 301
/profile/galip-ulsoy /people/faculty/emeritus/galip-ulsoy 301
/profile/john-laird /people/faculty/emeritus/john-laird 301
/profile/yoram-koren /people/faculty/emeritus/yoram-koren 301
/profile/ed-durfee /people/faculty/emeritus/ed-durfee 301

# Staff Redirects
/profile/teresa-blackburn /people/staff/teresa-blackburn 301
/profile/kayla-dombrowski /people/staff/kayla-dombrowski 301
/profile/denise-edmund /people/staff/denise-edmund 301
/profile/sylvia-galaty /people/staff/sylvia-galaty 301
/profile/christina-hollis /people/staff/christina-hollis 301
/profile/t-renay-hutchings /people/staff/t-renay-hutchings 301
/profile/emily-klinkman /people/staff/emily-klinkman 301
/profile/kyle-manley /people/staff/kyle-manley 301
/profile/stephanie-mann /people/staff/stephanie-mann 301
/profile/kimberly-mann /people/staff/kimberly-mann 301
/profile/abhishek-narula /people/staff/abhishek-narula 301
/profile/dan-newman /people/staff/dan-newman 301
/profile/kristel-oelke /people/staff/kristel-oelke 301
/profile/mike-oelke /people/staff/mike-oelke 301
/profile/samantha-price /people/staff/samantha-price 301
/profile/damen-provost /people/staff/damen-provost 301
/profile/katey-sullivan /people/staff/katey-sullivan 301
/profile/shaw-sun /people/staff/shaw-sun 301
/profile/tiffanny-walsh /people/staff/tiffanny-walsh 301

# Student Redirects
/profile/ray-zhang /people/students 301
/profile/xiaotong-chen /people/students 301
/profile/peter-mitrano /people/students 301
/profile/alex-manohar /people/students 301
/profile/daphna-raz /people/students 301
/profile/neha-pusalkar /people/students 301
/profile/ruikun-luo /people/students 301
/profile/shengao-wang /people/students 301
/profile/akshay-mathur /people/students 301
/profile/marcela-de-los-rios /people/students 301
/profile/nikhil-devraj /people/students 301
/profile/harsh-jhaveri /people/students 301
/profile/isha-bhatt /people/students 301
/profile/onur-bagoren /people/students 301
/profile/emma-reznick /people/students 301
/profile/mingjie-bi /people/students 301
/profile/rui-chen /people/students 301
/profile/shreya-phirke /people/students 301
/profile/oluwami-wami-dosunmuogunbi /people/students 301
/profile/thirumalaesh-ashokkumar /people/students 301
/profile/siddharth-anilkumar-bhurat /people/students 301
/profile/aayushi-shrivastava /people/students 301
/profile/manohar-bhat /people/students 301
/profile/ke-liu /people/students 301
/profile/zheyuan-zhang /people/students 301
/profile/deepak-nagalla /people/students 301
/profile/peter-stratton /people/students 301
/profile/tzuyuan-justin-lin /people/students 301
/profile/chien-erh-cynthia-lin /people/students 301
/profile/joseph-kim /people/students 301
/profile/ziyou-wu /people/students 301
/profile/kajal-awasthi /people/students 301
/profile/vinay-angara /people/students 301
/profile/soham-sachin-purohit /people/students 301
/profile/saket-pradhan /people/students 301
/profile/trushant-adeshara /people/students 301
/profile/ye-li /people/students 301
/profile/miranda-mittleman /people/students 301
/profile/trinh-huynh-trinh-huynh /people/students 301
/profile/christopher-nesler /people/students 301
/profile/xiangyu-peng /people/students 301
/profile/mark-nail /people/students 301
/profile/andrea-sipos /people/students 301
/profile/nishant-kheterpal /people/students 301
/profile/alphonsus-adubredu /people/students 301
/profile/challen-enninful-adu /people/students 301
/profile/ross-cortino /people/students 301
/profile/luis-cubillos /people/students 301
/profile/chenghao-lin /people/students 301
/profile/brandon-apodaca /people/students 301
/profile/mohamad-louai-shehab /people/students 301
/profile/advaith-sethuraman /people/students 301
/profile/katharine-walters /people/students 301
/profile/anja-sheppard /people/students 301
/profile/lus-marques /people/students 301
/profile/shambhavi-singh /people/students 301
/profile/yulun-zhuang /people/students 301
/profile/xiaohao-xu /people/students 301
/profile/patrick-tosh /people/students 301
/profile/mudasir-ahmad-ganaie /people/students 301
/profile/m-eva-mungai /people/students 301
/profile/alia-gilbert /people/students 301
/profile/bo-fu /people/students 301
/profile/grant-gibson /people/students 301

# ======================
# Content Redirects
# ======================

# News Redirects
/2016/* /news/2016/:splat 301
/2017/* /news/2017/:splat 301
/2018/* /news/2018/:splat 301
/2019/* /news/2019/:splat 301
/2020/* /news/2020/:splat 301
/2021/* /news/2021/:splat 301
/2022/* /news/2022/:splat 301
/2023/* /news/2023/:splat 301
/2024/* /news/2024/:splat 301
/news/* /news 301

# Academic Redirects
/academics/current-students /academics/student-services 301
/academics/current-students/* /academics/student-services/:splat 301
/academics/undergraduate/undergraduate-sure /academics/undergraduate/sure 301
/academics/courses/complete-course-listing /academics/courses/complete-course-list 301
academics/course-offerings/rob101 /academics/courses/course-offerings/rob-101-fall-2020 301
/academic-program/course-offerings/rob101-fall-2020 /academics/courses/course-offerings/rob-101-fall-2020 301
/academic-program/course-offerings/rob101-fall-2021 /academics/courses/course-offerings/rob-101-fall-2021 301
/academic-program/course-offerings/rob101-fall-2022 /academics/courses/course-offerings/rob-101-fall-2022 301
/academics/courses/course-offerings/rob101-fall-2022 /academics/courses/course-offerings/rob-101-fall-2022 301
/academic-program/course-offerings/rob-102-intro-to-ai-programming /academics/courses/course-offerings/rob-102-intro-to-ai-programming 301
/academic-program/course-offerings/rob-204-winter-2022 /academics/courses/course-offerings/rob-204-winter-2022 301
/academics/courses/rob-204-winter-2022 /academics/courses/course-offerings/rob-204-winter-2022 301
/academics/graduate/admissions/graduate-application/what-are-specific-faculty-looking-for-in-phd-applications /news/2024/what-are-specific-faculty-looking-for-in-phd-applications 301
/academic-program/courses/rob599-f19 /academics/courses/online-courses/rob502-f20 301
/academics/courses/online-courses/rob599-f19 /academics/courses/online-courses/rob502-f20 301
/academics/undergraduate/robotics-pathways-speaker-series /events/robotics-pathways-speaker-series 301
/academics/admissions-info/funding-for-graduate-students /academics/graduate/admissions/funding-for-graduate-students 301
/academic-program/degree-requirements /academics/graduate/degree-requirements 301
/academic-program/admissions-info /academics/graduate/admissions 301
/academic-program/course-offerings /academics/courses 301
/academic-program/* /academics/:splat 301
/academics/undergraduate/sugs /academics/graduate/sugs 301

# Focus Areas
/research/focus-areas/robot-teams-swarms /research/focus-areas/teams-swarms 301
/research/focus-areas/autonomous-connected-vehicles /research/focus-areas/autonomous-vehicles 301
/research/focus-areas/rehabilitation-robotics /research/focus-areas/rehabilitation 301
/research/focus-areas/deep-learning-for-robotics /research/focus-areas/deep-learning 301
/research/focus-areas/manufacturing-robotics /research/focus-areas/manufacturing 301
/research/focus-areas/legged-robots-exoskeletons /research/focus-areas/legged-robots 301
/research/focus-areas/robot-perception-manipulation /research/focus-areas/perception-manipulation 301
/research/focus-areas/simultaneous-localization-mapping-slam /research/focus-areas/slam 301

# ======================
# External Links
# ======================

/undergrad-guide https://docs.google.com/document/d/1S2JqdV4nay4NPOCW_27Jc6UZhChaKCZ9miSFnOtk69k/edit 301
/irosforum https://sites.google.com/umich.edu/roboticseducationforum 301
/dtcenter https://sites.google.com/umich.edu/digitaltwincenter 301
/gear https://www.aatwebstore.com/UMBOT/shop/home 301
/exos https://sites.google.com/umich.edu/icra-2025-exoskeleton-workshop/home 301
/grad-guide https://docs.google.com/document/d/e/2PACX-1vTCjWRdEl4wM_n4oIU875yAzzG_4tBdmqnJcj4gNntgyG3Q5LY0qw_J_ei5nqmMEi1ljJpfvLbGCzdJ/pub 301
/ms-degree-worksheet https://drive.google.com/file/d/1ZPS6inTrSrrHqF8r5d8z-4_efOGLwfmW/view?usp=share_link 301
/cqe-requirements https://drive.google.com/file/d/1SV2G1ygSNBHxvXOnGQ8ZIqUcQNC1foA8/view?usp=share_link 301
/dissertation-committee-form https://drive.google.com/file/d/1KgsbgXpfWuZ5pyhpP-H346BHayd0iz94/view?usp=share_link 301
/thesis-proposal-form https://drive.google.com/file/d/1qAIWNF4-1K6wtZn6MQ_0Pbf8gs8yw-jT/view?usp=share_link 301
/sugs-intent https://drive.google.com/file/d/1L8-nwtPG4gO8offmWiK67prymYZwFs9-/view?usp=share_link 301
/change-of-advisor https://drive.google.com/file/d/1sc5kq10wHp6bcs_TrZEg8OSdHlcllJXN/view?usp=share_link 301

# ======================
# Facility & Resource Redirects
# ======================

/about/media /about/contact 301
/about/mair /about/facilities/m-air-net 301
/about/jobs /about/faculty-jobs 301
/research/datasets /research/projects-and-datasets 301
/about/ford-motor-company-robotics-building /about/facilities/ford-robotics-building 301
/academics/courses/course-offerings/rob101-fall-2020 /academics/courses/course-offerings/rob-101-fall-2020 301
/academic-program/online-courses /academics/courses/online-courses 301
/academic-program/degree-requirements /academics/graduate/degree-requirements 301
/academic-program/course-offerings /academics/courses/course-offerings 301
/partnerships /about/partnerships 301
/partnerships/industry /about/partnerships/industry 301
/about/facilities/m-air /about/facilities/m-air-net 301
/values /about/values 301
/hackathon https://sites.google.com/umich.edu/hackathon-2025-website/home 301

# ======================
# Fallback Redirects
# ======================

/profile/* /people 301 